Filename,Size(number of gates),,,,Depth,,,,SQGs,,,,MQGs,,,,Total Time,Space
,before,after,reduce,,before,after,reduce,,before,after,reduce,,before,after,reduce,,,
./benchmark/BIGD/20QBT_45CYC_.1D1_.4D2_6.qasm,270,9999999,9999999,,45,9999999,8(17.78%),,90(x),52(x),38(42.22%),,180(cx),141(cx),39(21.67%),,5.008305788,5.008305788
./benchmark/BIGD/20QBT_45CYC_.3D1_.1D2_9.qasm,315,9999999,9999999,,45,9999999,26(57.78%),,270(x),36(x),234(86.67%),,45(cx),36(cx),9(20.00%),,0.944506168,5.008305788
./benchmark/BIGD/20QBT_45CYC_.0D1_.6D2_1.qasm,270,9999999,9999999,,45,9999999,6(13.33%),,0(),0(),0(-),,270(cx),180(cx),90(33.33%),,19.63288546,5.008305788
./benchmark/BIGD/20QBT_45CYC_.0D1_.1D2_1.qasm,45,9999999,9999999,,45,9999999,23(51.11%),,0(),0(),0(-),,45(cx),26(cx),19(42.22%),,0.184706926,5.008305788
./benchmark/BIGD/20QBT_45CYC_.0D1_.6D2_5.qasm,270,9999999,9999999,,45,9999999,9(20.00%),,0(),0(),0(-),,270(cx),164(cx),106(39.26%),,15.30846572,5.008305788
./benchmark/BIGD/20QBT_45CYC_.2D1_.6D2_7.qasm,450,9999999,9999999,,45,9999999,2(4.44%),,180(x),90(x),90(50.00%),,270(cx),194(cx),76(28.15%),,9.028633833,5.008305788
./benchmark/BIGD/20QBT_45CYC_.0D1_.2D2_3.qasm,90,9999999,9999999,,45,9999999,28(62.22%),,0(),0(),0(-),,90(cx),54(cx),36(40.00%),,3.514434576,5.008305788
./benchmark/BIGD/20QBT_45CYC_.0D1_.2D2_6.qasm,90,9999999,9999999,,45,9999999,28(62.22%),,0(),0(),0(-),,90(cx),55(cx),35(38.89%),,2.309029102,5.008305788
./benchmark/BIGD/20QBT_45CYC_.3D1_.2D2_2.qasm,360,9999999,9999999,,45,9999999,21(46.67%),,270(x),64(x),206(76.30%),,90(cx),72(cx),18(20.00%),,2.656625509,5.008305788
./benchmark/BIGD/20QBT_45CYC_.0D1_.3D2_0.qasm,135,9999999,9999999,,45,9999999,16(35.56%),,0(),0(),0(-),,135(cx),84(cx),51(37.78%),,6.218389988,5.008305788
./benchmark/BIGD/20QBT_45CYC_.7D1_.1D2_0.qasm,675,9999999,9999999,,45,9999999,23(51.11%),,630(x),42(x),588(93.33%),,45(cx),41(cx),4(8.89%),,1.578475952,5.008305788
./benchmark/BIGD/20QBT_45CYC_.0D1_.5D2_0.qasm,225,9999999,9999999,,45,9999999,14(31.11%),,0(),0(),0(-),,225(cx),127(cx),98(43.56%),,13.81172705,5.008305788
./benchmark/BIGD/20QBT_45CYC_.5D1_.2D2_7.qasm,540,9999999,9999999,,45,9999999,16(35.56%),,450(x),74(x),376(83.56%),,90(cx),81(cx),9(10.00%),,2.579496145,5.008305788
./benchmark/BIGD/20QBT_45CYC_.2D1_.2D2_4.qasm,270,9999999,9999999,,45,9999999,19(42.22%),,180(x),64(x),116(64.44%),,90(cx),77(cx),13(14.44%),,2.337826967,5.008305788
./benchmark/BIGD/20QBT_45CYC_.1D1_.7D2_7.qasm,405,9999999,9999999,,45,9999999,1(2.22%),,90(x),52(x),38(42.22%),,315(cx),213(cx),102(32.38%),,13.11697531,5.008305788
./benchmark/BIGD/20QBT_45CYC_.1D1_.5D2_7.qasm,315,9999999,9999999,,45,9999999,5(11.11%),,90(x),48(x),42(46.67%),,225(cx),165(cx),60(26.67%),,6.642539024,5.008305788
./benchmark/BIGD/20QBT_45CYC_.1D1_.5D2_0.qasm,315,9999999,9999999,,45,9999999,6(13.33%),,90(x),54(x),36(40.00%),,225(cx),156(cx),69(30.67%),,8.075901747,5.008305788
./benchmark/BIGD/20QBT_45CYC_.4D1_.4D2_4.qasm,540,9999999,9999999,,45,9999999,0(-),,360(x),104(x),256(71.11%),,180(cx),144(cx),36(20.00%),,3.733340025,5.008305788
./benchmark/BIGD/20QBT_45CYC_.3D1_.1D2_2.qasm,315,9999999,9999999,,45,9999999,24(53.33%),,270(x),38(x),232(85.93%),,45(cx),29(cx),16(35.56%),,0.901858568,5.008305788
./benchmark/BIGD/20QBT_45CYC_.4D1_.4D2_6.qasm,540,9999999,9999999,,45,9999999,6(13.33%),,360(x),94(x),266(73.89%),,180(cx),137(cx),43(23.89%),,6.279333591,5.008305788
./benchmark/BIGD/20QBT_45CYC_.4D1_.4D2_3.qasm,540,9999999,9999999,,45,9999999,4(8.89%),,360(x),96(x),264(73.33%),,180(cx),127(cx),53(29.44%),,4.410524845,5.008305788
./benchmark/BIGD/20QBT_45CYC_.0D1_.5D2_3.qasm,225,9999999,9999999,,45,9999999,12(26.67%),,0(),0(),0(-),,225(cx),139(cx),86(38.22%),,15.05289698,5.008305788
./benchmark/BIGD/20QBT_45CYC_.2D1_.6D2_6.qasm,450,9999999,9999999,,45,9999999,0(-),,180(x),94(x),86(47.78%),,270(cx),187(cx),83(30.74%),,6.419135094,5.008305788
./benchmark/BIGD/20QBT_45CYC_.2D1_.6D2_2.qasm,450,9999999,9999999,,45,9999999,3(6.67%),,180(x),82(x),98(54.44%),,270(cx),182(cx),88(32.59%),,6.418109655,5.008305788
./benchmark/BIGD/20QBT_45CYC_.1D1_.1D2_5.qasm,135,9999999,9999999,,45,9999999,29(64.44%),,90(x),36(x),54(60.00%),,45(cx),33(cx),12(26.67%),,0.630574226,5.008305788
./benchmark/BIGD/20QBT_45CYC_.2D1_.2D2_7.qasm,270,9999999,9999999,,45,9999999,18(40.00%),,180(x),48(x),132(73.33%),,90(cx),77(cx),13(14.44%),,2.926543951,5.008305788
./benchmark/BIGD/20QBT_45CYC_.7D1_.1D2_1.qasm,675,9999999,9999999,,45,9999999,21(46.67%),,630(x),42(x),588(93.33%),,45(cx),38(cx),7(15.56%),,1.730752707,5.008305788
./benchmark/BIGD/20QBT_45CYC_.3D1_.2D2_6.qasm,360,9999999,9999999,,45,9999999,20(44.44%),,270(x),48(x),222(82.22%),,90(cx),74(cx),16(17.78%),,1.733584642,5.008305788
./benchmark/BIGD/20QBT_45CYC_.1D1_.6D2_6.qasm,360,9999999,9999999,,45,9999999,4(8.89%),,90(x),58(x),32(35.56%),,270(cx),185(cx),85(31.48%),,8.313416719,5.008305788
./benchmark/BIGD/20QBT_45CYC_.0D1_.2D2_8.qasm,90,9999999,9999999,,45,9999999,21(46.67%),,0(),0(),0(-),,90(cx),62(cx),28(31.11%),,2.74629426,5.008305788
./benchmark/BIGD/20QBT_45CYC_.3D1_.4D2_8.qasm,450,9999999,9999999,,45,9999999,3(6.67%),,270(x),112(x),158(58.52%),,180(cx),151(cx),29(16.11%),,6.338933706,5.008305788
./benchmark/BIGD/20QBT_45CYC_.3D1_.2D2_1.qasm,360,9999999,9999999,,45,9999999,21(46.67%),,270(x),70(x),200(74.07%),,90(cx),77(cx),13(14.44%),,3.049264669,5.008305788
./benchmark/BIGD/20QBT_45CYC_.0D1_.3D2_4.qasm,135,9999999,9999999,,45,9999999,19(42.22%),,0(),0(),0(-),,135(cx),87(cx),48(35.56%),,4.901241779,5.008305788
./benchmark/BIGD/20QBT_45CYC_.1D1_.6D2_7.qasm,360,9999999,9999999,,45,9999999,3(6.67%),,90(x),56(x),34(37.78%),,270(cx),183(cx),87(32.22%),,10.24027371,5.008305788
./benchmark/BIGD/20QBT_45CYC_.0D1_.2D2_0.qasm,90,9999999,9999999,,45,9999999,25(55.56%),,0(),0(),0(-),,90(cx),55(cx),35(38.89%),,2.273444176,5.008305788
./benchmark/BIGD/20QBT_45CYC_.3D1_.5D2_0.qasm,495,9999999,9999999,,45,9999999,-2(-4.44%),,270(x),106(x),164(60.74%),,225(cx),170(cx),55(24.44%),,4.782209873,5.008305788
./benchmark/BIGD/20QBT_45CYC_.1D1_.6D2_4.qasm,360,9999999,9999999,,45,9999999,5(11.11%),,90(x),50(x),40(44.44%),,270(cx),176(cx),94(34.81%),,9.953733206,5.008305788
./benchmark/BIGD/20QBT_45CYC_.3D1_.5D2_8.qasm,495,9999999,9999999,,45,9999999,-1(-2.22%),,270(x),92(x),178(65.93%),,225(cx),153(cx),72(32.00%),,6.126585722,5.008305788
./benchmark/BIGD/20QBT_45CYC_.2D1_.3D2_7.qasm,315,9999999,9999999,,45,9999999,14(31.11%),,180(x),60(x),120(66.67%),,135(cx),113(cx),22(16.30%),,5.216846943,5.008305788
./benchmark/BIGD/20QBT_45CYC_.0D1_.7D2_8.qasm,315,9999999,9999999,,45,9999999,7(15.56%),,0(),0(),0(-),,315(cx),186(cx),129(40.95%),,21.77950215,5.008305788
./benchmark/BIGD/20QBT_45CYC_.4D1_.2D2_1.qasm,450,9999999,9999999,,45,9999999,17(37.78%),,360(x),72(x),288(80.00%),,90(cx),76(cx),14(15.56%),,2.350943804,5.008305788
./benchmark/BIGD/20QBT_45CYC_.5D1_.3D2_7.qasm,585,9999999,9999999,,45,9999999,5(11.11%),,450(x),86(x),364(80.89%),,135(cx),110(cx),25(18.52%),,3.763599157,5.008305788
./benchmark/BIGD/20QBT_45CYC_.1D1_.2D2_4.qasm,180,9999999,9999999,,45,9999999,19(42.22%),,90(x),52(x),38(42.22%),,90(cx),78(cx),12(13.33%),,2.478892565,5.008305788
./benchmark/BIGD/20QBT_45CYC_.0D1_.3D2_9.qasm,135,9999999,9999999,,45,9999999,30(66.67%),,0(),0(),0(-),,135(cx),45(cx),90(66.67%),,4.606126547,5.008305788
./benchmark/BIGD/20QBT_45CYC_.2D1_.4D2_4.qasm,360,9999999,9999999,,45,9999999,11(24.44%),,180(x),80(x),100(55.56%),,180(cx),137(cx),43(23.89%),,4.998515368,5.008305788
./benchmark/BIGD/20QBT_45CYC_.3D1_.3D2_9.qasm,405,9999999,9999999,,45,9999999,11(24.44%),,270(x),86(x),184(68.15%),,135(cx),112(cx),23(17.04%),,4.705858469,5.008305788
./benchmark/BIGD/20QBT_45CYC_.2D1_.5D2_6.qasm,405,9999999,9999999,,45,9999999,2(4.44%),,180(x),100(x),80(44.44%),,225(cx),171(cx),54(24.00%),,6.7358253,5.008305788
./benchmark/BIGD/20QBT_45CYC_.2D1_.2D2_3.qasm,270,9999999,9999999,,45,9999999,15(33.33%),,180(x),54(x),126(70.00%),,90(cx),68(cx),22(24.44%),,2.07776165,5.008305788
./benchmark/BIGD/20QBT_45CYC_.0D1_.6D2_8.qasm,270,9999999,9999999,,45,9999999,7(15.56%),,0(),0(),0(-),,270(cx),153(cx),117(43.33%),,14.25037956,5.008305788
./benchmark/BIGD/20QBT_45CYC_.4D1_.3D2_2.qasm,495,9999999,9999999,,45,9999999,8(17.78%),,360(x),80(x),280(77.78%),,135(cx),112(cx),23(17.04%),,3.749193192,5.008305788
./benchmark/BIGD/20QBT_45CYC_.5D1_.3D2_1.qasm,585,9999999,9999999,,45,9999999,11(24.44%),,450(x),98(x),352(78.22%),,135(cx),107(cx),28(20.74%),,3.518084764,5.008305788
./benchmark/BIGD/20QBT_45CYC_.1D1_.5D2_5.qasm,315,9999999,9999999,,45,9999999,8(17.78%),,90(x),60(x),30(33.33%),,225(cx),163(cx),62(27.56%),,8.389345646,5.008305788
./benchmark/BIGD/20QBT_45CYC_.0D1_.3D2_7.qasm,135,9999999,9999999,,45,9999999,19(42.22%),,0(),0(),0(-),,135(cx),80(cx),55(40.74%),,6.029978514,5.008305788
./benchmark/BIGD/20QBT_45CYC_.5D1_.3D2_2.qasm,585,9999999,9999999,,45,9999999,10(22.22%),,450(x),78(x),372(82.67%),,135(cx),104(cx),31(22.96%),,4.440368414,5.008305788
./benchmark/BIGD/20QBT_45CYC_.0D1_.8D2_3.qasm,360,9999999,9999999,,45,9999999,0(-),,0(),0(),0(-),,360(cx),202(cx),158(43.89%),,24.08691311,5.008305788
./benchmark/BIGD/20QBT_45CYC_.7D1_.1D2_2.qasm,675,9999999,9999999,,45,9999999,25(55.56%),,630(x),36(x),594(94.29%),,45(cx),35(cx),10(22.22%),,1.654940844,5.008305788
./benchmark/BIGD/20QBT_45CYC_.1D1_.3D2_4.qasm,225,9999999,9999999,,45,9999999,16(35.56%),,90(x),48(x),42(46.67%),,135(cx),112(cx),23(17.04%),,2.358116865,5.008305788
./benchmark/BIGD/20QBT_45CYC_.2D1_.4D2_8.qasm,360,9999999,9999999,,45,9999999,9(20.00%),,180(x),72(x),108(60.00%),,180(cx),134(cx),46(25.56%),,5.311083794,5.008305788
./benchmark/BIGD/20QBT_45CYC_.1D1_.7D2_1.qasm,405,9999999,9999999,,45,9999999,1(2.22%),,90(x),58(x),32(35.56%),,315(cx),190(cx),125(39.68%),,11.65623093,5.008305788
./benchmark/BIGD/20QBT_45CYC_.2D1_.2D2_5.qasm,270,9999999,9999999,,45,9999999,20(44.44%),,180(x),54(x),126(70.00%),,90(cx),74(cx),16(17.78%),,2.229939938,5.008305788
./benchmark/BIGD/20QBT_45CYC_.3D1_.3D2_2.qasm,405,9999999,9999999,,45,9999999,12(26.67%),,270(x),92(x),178(65.93%),,135(cx),111(cx),24(17.78%),,3.456562042,5.008305788
./benchmark/BIGD/20QBT_45CYC_.3D1_.4D2_7.qasm,450,9999999,9999999,,45,9999999,7(15.56%),,270(x),100(x),170(62.96%),,180(cx),136(cx),44(24.44%),,4.881491661,5.008305788
./benchmark/BIGD/20QBT_45CYC_.2D1_.5D2_7.qasm,405,9999999,9999999,,45,9999999,3(6.67%),,180(x),86(x),94(52.22%),,225(cx),165(cx),60(26.67%),,5.182420969,5.008305788
./benchmark/BIGD/20QBT_45CYC_.0D1_.6D2_4.qasm,270,9999999,9999999,,45,9999999,4(8.89%),,0(),0(),0(-),,270(cx),171(cx),99(36.67%),,15.61278152,5.008305788
./benchmark/BIGD/20QBT_45CYC_.1D1_.1D2_3.qasm,135,9999999,9999999,,45,9999999,24(53.33%),,90(x),26(x),64(71.11%),,45(cx),32(cx),13(28.89%),,0.687888145,5.008305788
./benchmark/BIGD/20QBT_45CYC_.0D1_.2D2_5.qasm,90,9999999,9999999,,45,9999999,28(62.22%),,0(),0(),0(-),,90(cx),54(cx),36(40.00%),,3.418092012,5.008305788
./benchmark/BIGD/20QBT_45CYC_.5D1_.2D2_3.qasm,540,9999999,9999999,,45,9999999,20(44.44%),,450(x),78(x),372(82.67%),,90(cx),82(cx),8(8.89%),,3.235528708,5.008305788
./benchmark/BIGD/20QBT_45CYC_.2D1_.1D2_0.qasm,225,9999999,9999999,,45,9999999,26(57.78%),,180(x),32(x),148(82.22%),,45(cx),35(cx),10(22.22%),,0.904855251,5.008305788
./benchmark/BIGD/20QBT_45CYC_.0D1_.6D2_9.qasm,270,9999999,9999999,,45,9999999,6(13.33%),,0(),0(),0(-),,270(cx),180(cx),90(33.33%),,12.68752289,5.008305788
./benchmark/BIGD/20QBT_45CYC_.2D1_.3D2_5.qasm,315,9999999,9999999,,45,9999999,14(31.11%),,180(x),70(x),110(61.11%),,135(cx),100(cx),35(25.93%),,3.542927027,5.008305788
./benchmark/BIGD/20QBT_45CYC_.5D1_.2D2_5.qasm,540,9999999,9999999,,45,9999999,18(40.00%),,450(x),70(x),380(84.44%),,90(cx),76(cx),14(15.56%),,2.485735416,5.008305788
./benchmark/BIGD/20QBT_45CYC_.2D1_.5D2_0.qasm,405,9999999,9999999,,45,9999999,0(-),,180(x),84(x),96(53.33%),,225(cx),178(cx),47(20.89%),,7.686395407,5.008305788
./benchmark/BIGD/20QBT_45CYC_.1D1_.5D2_8.qasm,315,9999999,9999999,,45,9999999,8(17.78%),,90(x),56(x),34(37.78%),,225(cx),168(cx),57(25.33%),,10.93861485,5.008305788
./benchmark/BIGD/20QBT_45CYC_.0D1_.4D2_9.qasm,180,9999999,9999999,,45,9999999,15(33.33%),,0(),0(),0(-),,180(cx),105(cx),75(41.67%),,8.743591785,5.008305788
./benchmark/BIGD/20QBT_45CYC_.4D1_.3D2_3.qasm,495,9999999,9999999,,45,9999999,7(15.56%),,360(x),74(x),286(79.44%),,135(cx),115(cx),20(14.81%),,3.782212973,5.008305788
./benchmark/BIGD/20QBT_45CYC_.0D1_.4D2_1.qasm,180,9999999,9999999,,45,9999999,15(33.33%),,0(),0(),0(-),,180(cx),104(cx),76(42.22%),,8.938308716,5.008305788
./benchmark/BIGD/20QBT_45CYC_.5D1_.2D2_9.qasm,540,9999999,9999999,,45,9999999,20(44.44%),,450(x),72(x),378(84.00%),,90(cx),79(cx),11(12.22%),,2.479537964,5.008305788
./benchmark/BIGD/20QBT_45CYC_.1D1_.4D2_1.qasm,270,9999999,9999999,,45,9999999,6(13.33%),,90(x),52(x),38(42.22%),,180(cx),140(cx),40(22.22%),,4.832481623,5.008305788
./benchmark/BIGD/20QBT_45CYC_.2D1_.1D2_8.qasm,225,9999999,9999999,,45,9999999,20(44.44%),,180(x),28(x),152(84.44%),,45(cx),31(cx),14(31.11%),,0.998206615,5.008305788
./benchmark/BIGD/20QBT_45CYC_.0D1_.7D2_7.qasm,315,9999999,9999999,,45,9999999,7(15.56%),,0(),0(),0(-),,315(cx),181(cx),134(42.54%),,17.17991042,5.008305788
./benchmark/BIGD/20QBT_45CYC_.5D1_.3D2_4.qasm,585,9999999,9999999,,45,9999999,11(24.44%),,450(x),76(x),374(83.11%),,135(cx),108(cx),27(20.00%),,4.697652102,5.008305788
./benchmark/BIGD/20QBT_45CYC_.3D1_.3D2_6.qasm,405,9999999,9999999,,45,9999999,11(24.44%),,270(x),82(x),188(69.63%),,135(cx),113(cx),22(16.30%),,3.674233437,5.008305788
./benchmark/BIGD/20QBT_45CYC_.2D1_.3D2_1.qasm,315,9999999,9999999,,45,9999999,16(35.56%),,180(x),68(x),112(62.22%),,135(cx),98(cx),37(27.41%),,3.417551041,5.008305788
./benchmark/BIGD/20QBT_45CYC_.5D1_.3D2_6.qasm,585,9999999,9999999,,45,9999999,10(22.22%),,450(x),88(x),362(80.44%),,135(cx),115(cx),20(14.81%),,3.788162708,5.008305788
./benchmark/BIGD/20QBT_45CYC_.2D1_.1D2_6.qasm,225,9999999,9999999,,45,9999999,25(55.56%),,180(x),42(x),138(76.67%),,45(cx),37(cx),8(17.78%),,0.734091282,5.008305788
./benchmark/BIGD/20QBT_45CYC_.1D1_.3D2_6.qasm,225,9999999,9999999,,45,9999999,17(37.78%),,90(x),40(x),50(55.56%),,135(cx),92(cx),43(31.85%),,4.802744865,5.008305788
./benchmark/BIGD/20QBT_45CYC_.6D1_.1D2_1.qasm,585,9999999,9999999,,45,9999999,16(35.56%),,540(x),36(x),504(93.33%),,45(cx),38(cx),7(15.56%),,1.613483906,5.008305788
./benchmark/BIGD/20QBT_45CYC_.3D1_.1D2_3.qasm,315,9999999,9999999,,45,9999999,26(57.78%),,270(x),34(x),236(87.41%),,45(cx),34(cx),11(24.44%),,1.187602282,5.008305788
./benchmark/BIGD/20QBT_45CYC_.0D1_.3D2_6.qasm,135,9999999,9999999,,45,9999999,20(44.44%),,0(),0(),0(-),,135(cx),84(cx),51(37.78%),,6.021754742,5.008305788
./benchmark/BIGD/20QBT_45CYC_.1D1_.2D2_1.qasm,180,9999999,9999999,,45,9999999,8(17.78%),,90(x),42(x),48(53.33%),,90(cx),80(cx),10(11.11%),,1.846831799,5.008305788
./benchmark/BIGD/20QBT_45CYC_.0D1_.1D2_5.qasm,45,9999999,9999999,,45,9999999,38(84.44%),,0(),0(),0(-),,45(cx),15(cx),30(66.67%),,0.096673012,5.008305788
./benchmark/BIGD/20QBT_45CYC_.3D1_.5D2_7.qasm,495,9999999,9999999,,45,9999999,4(8.89%),,270(x),102(x),168(62.22%),,225(cx),167(cx),58(25.78%),,6.367124796,5.008305788
./benchmark/BIGD/20QBT_45CYC_.4D1_.3D2_1.qasm,495,9999999,9999999,,45,9999999,15(33.33%),,360(x),72(x),288(80.00%),,135(cx),91(cx),44(32.59%),,3.872307062,5.008305788
./benchmark/BIGD/20QBT_45CYC_.0D1_.8D2_6.qasm,360,9999999,9999999,,45,9999999,1(2.22%),,0(),0(),0(-),,360(cx),202(cx),158(43.89%),,19.91087437,5.008305788
./benchmark/BIGD/20QBT_45CYC_.5D1_.1D2_9.qasm,495,9999999,9999999,,45,9999999,29(64.44%),,450(x),46(x),404(89.78%),,45(cx),37(cx),8(17.78%),,1.284627914,5.008305788
./benchmark/BIGD/20QBT_45CYC_.0D1_.5D2_1.qasm,225,9999999,9999999,,45,9999999,11(24.44%),,0(),0(),0(-),,225(cx),121(cx),104(46.22%),,8.90863061,5.008305788
./benchmark/BIGD/20QBT_45CYC_.1D1_.4D2_9.qasm,270,9999999,9999999,,45,9999999,14(31.11%),,90(x),46(x),44(48.89%),,180(cx),117(cx),63(35.00%),,5.694659472,5.008305788
./benchmark/BIGD/20QBT_45CYC_.4D1_.2D2_7.qasm,450,9999999,9999999,,45,9999999,14(31.11%),,360(x),76(x),284(78.89%),,90(cx),80(cx),10(11.11%),,2.410084248,5.008305788
./benchmark/BIGD/20QBT_45CYC_.0D1_.4D2_7.qasm,180,9999999,9999999,,45,9999999,11(24.44%),,0(),0(),0(-),,180(cx),117(cx),63(35.00%),,9.699956656,5.008305788
./benchmark/BIGD/20QBT_45CYC_.2D1_.6D2_1.qasm,450,9999999,9999999,,45,9999999,1(2.22%),,180(x),84(x),96(53.33%),,270(cx),177(cx),93(34.44%),,5.989162683,5.008305788
./benchmark/BIGD/20QBT_45CYC_.1D1_.5D2_1.qasm,315,9999999,9999999,,45,9999999,8(17.78%),,90(x),46(x),44(48.89%),,225(cx),150(cx),75(33.33%),,7.99242568,5.008305788
./benchmark/BIGD/20QBT_45CYC_.0D1_.4D2_0.qasm,180,9999999,9999999,,45,9999999,20(44.44%),,0(),0(),0(-),,180(cx),109(cx),71(39.44%),,9.159017324,5.008305788
./benchmark/BIGD/20QBT_45CYC_.1D1_.1D2_9.qasm,135,9999999,9999999,,45,9999999,29(64.44%),,90(x),28(x),62(68.89%),,45(cx),30(cx),15(33.33%),,0.680747271,5.008305788
./benchmark/BIGD/20QBT_45CYC_.1D1_.3D2_9.qasm,225,9999999,9999999,,45,9999999,15(33.33%),,90(x),42(x),48(53.33%),,135(cx),102(cx),33(24.44%),,4.130390882,5.008305788
./benchmark/BIGD/20QBT_45CYC_.1D1_.4D2_8.qasm,270,9999999,9999999,,45,9999999,12(26.67%),,90(x),46(x),44(48.89%),,180(cx),125(cx),55(30.56%),,5.878638029,5.008305788
./benchmark/BIGD/20QBT_45CYC_.1D1_.2D2_0.qasm,180,9999999,9999999,,45,9999999,19(42.22%),,90(x),40(x),50(55.56%),,90(cx),71(cx),19(21.11%),,1.879597902,5.008305788
./benchmark/BIGD/20QBT_45CYC_.5D1_.3D2_8.qasm,585,9999999,9999999,,45,9999999,9(20.00%),,450(x),78(x),372(82.67%),,135(cx),108(cx),27(20.00%),,4.612734318,5.008305788
./benchmark/BIGD/20QBT_45CYC_.5D1_.1D2_3.qasm,495,9999999,9999999,,45,9999999,26(57.78%),,450(x),32(x),418(92.89%),,45(cx),36(cx),9(20.00%),,1.485727549,5.008305788
./benchmark/BIGD/20QBT_45CYC_.0D1_.5D2_6.qasm,225,9999999,9999999,,45,9999999,8(17.78%),,0(),0(),0(-),,225(cx),142(cx),83(36.89%),,14.93004727,5.008305788
./benchmark/BIGD/20QBT_45CYC_.3D1_.5D2_6.qasm,495,9999999,9999999,,45,9999999,3(6.67%),,270(x),96(x),174(64.44%),,225(cx),151(cx),74(32.89%),,7.23255372,5.008305788
./benchmark/BIGD/20QBT_45CYC_.6D1_.2D2_2.qasm,630,9999999,9999999,,45,9999999,15(33.33%),,540(x),62(x),478(88.52%),,90(cx),74(cx),16(17.78%),,3.033553839,5.008305788
./benchmark/BIGD/20QBT_45CYC_.3D1_.3D2_4.qasm,405,9999999,9999999,,45,9999999,12(26.67%),,270(x),86(x),184(68.15%),,135(cx),106(cx),29(21.48%),,3.46722436,5.008305788
./benchmark/BIGD/20QBT_45CYC_.4D1_.4D2_7.qasm,540,9999999,9999999,,45,9999999,7(15.56%),,360(x),98(x),262(72.78%),,180(cx),143(cx),37(20.56%),,4.945635319,5.008305788
./benchmark/BIGD/20QBT_45CYC_.0D1_.8D2_9.qasm,360,9999999,9999999,,45,9999999,1(2.22%),,0(),0(),0(-),,360(cx),210(cx),150(41.67%),,24.45247269,5.008305788
./benchmark/BIGD/20QBT_45CYC_.6D1_.2D2_3.qasm,630,9999999,9999999,,45,9999999,16(35.56%),,540(x),54(x),486(90.00%),,90(cx),59(cx),31(34.44%),,2.239723921,5.008305788
./benchmark/BIGD/20QBT_45CYC_.1D1_.3D2_0.qasm,225,9999999,9999999,,45,9999999,15(33.33%),,90(x),46(x),44(48.89%),,135(cx),100(cx),35(25.93%),,3.233700275,5.008305788
./benchmark/BIGD/20QBT_45CYC_.2D1_.4D2_5.qasm,360,9999999,9999999,,45,9999999,4(8.89%),,180(x),82(x),98(54.44%),,180(cx),150(cx),30(16.67%),,4.348671675,5.008305788
./benchmark/BIGD/20QBT_45CYC_.2D1_.2D2_9.qasm,270,9999999,9999999,,45,9999999,21(46.67%),,180(x),44(x),136(75.56%),,90(cx),63(cx),27(30.00%),,1.908726931,5.008305788
./benchmark/BIGD/20QBT_45CYC_.1D1_.7D2_5.qasm,405,9999999,9999999,,45,9999999,4(8.89%),,90(x),64(x),26(28.89%),,315(cx),205(cx),110(34.92%),,9.622885704,5.008305788
./benchmark/BIGD/20QBT_45CYC_.4D1_.4D2_9.qasm,540,9999999,9999999,,45,9999999,5(11.11%),,360(x),110(x),250(69.44%),,180(cx),132(cx),48(26.67%),,4.634690523,5.008305788
./benchmark/BIGD/20QBT_45CYC_.7D1_.1D2_9.qasm,675,9999999,9999999,,45,9999999,23(51.11%),,630(x),36(x),594(94.29%),,45(cx),39(cx),6(13.33%),,1.571842432,5.008305788
./benchmark/BIGD/20QBT_45CYC_.0D1_.4D2_4.qasm,180,9999999,9999999,,45,9999999,11(24.44%),,0(),0(),0(-),,180(cx),110(cx),70(38.89%),,9.169349432,5.008305788
./benchmark/BIGD/20QBT_45CYC_.3D1_.4D2_9.qasm,450,9999999,9999999,,45,9999999,6(13.33%),,270(x),96(x),174(64.44%),,180(cx),128(cx),52(28.89%),,4.620979548,5.008305788
./benchmark/BIGD/20QBT_45CYC_.2D1_.1D2_4.qasm,225,9999999,9999999,,45,9999999,27(60.00%),,180(x),34(x),146(81.11%),,45(cx),37(cx),8(17.78%),,0.924340725,5.008305788
./benchmark/BIGD/20QBT_45CYC_.1D1_.2D2_8.qasm,180,9999999,9999999,,45,9999999,24(53.33%),,90(x),36(x),54(60.00%),,90(cx),68(cx),22(24.44%),,2.733765125,5.008305788
./benchmark/BIGD/20QBT_45CYC_.1D1_.1D2_8.qasm,135,9999999,9999999,,45,9999999,25(55.56%),,90(x),20(x),70(77.78%),,45(cx),35(cx),10(22.22%),,0.600102425,5.008305788
./benchmark/BIGD/20QBT_45CYC_.0D1_.8D2_0.qasm,360,9999999,9999999,,45,9999999,2(4.44%),,0(),0(),0(-),,360(cx),223(cx),137(38.06%),,16.75674129,5.008305788
./benchmark/BIGD/20QBT_45CYC_.2D1_.6D2_4.qasm,450,9999999,9999999,,45,9999999,3(6.67%),,180(x),82(x),98(54.44%),,270(cx),191(cx),79(29.26%),,8.890524149,5.008305788
./benchmark/BIGD/20QBT_45CYC_.2D1_.5D2_3.qasm,405,9999999,9999999,,45,9999999,7(15.56%),,180(x),70(x),110(61.11%),,225(cx),150(cx),75(33.33%),,6.439257383,5.008305788
./benchmark/BIGD/20QBT_45CYC_.6D1_.2D2_5.qasm,630,9999999,9999999,,45,9999999,11(24.44%),,540(x),80(x),460(85.19%),,90(cx),82(cx),8(8.89%),,2.634624958,5.008305788
./benchmark/BIGD/20QBT_45CYC_.0D1_.7D2_6.qasm,315,9999999,9999999,,45,9999999,1(2.22%),,0(),0(),0(-),,315(cx),202(cx),113(35.87%),,18.63302946,5.008305788
./benchmark/BIGD/20QBT_45CYC_.7D1_.1D2_6.qasm,675,9999999,9999999,,45,9999999,26(57.78%),,630(x),32(x),598(94.92%),,45(cx),30(cx),15(33.33%),,1.547212839,5.008305788
./benchmark/BIGD/20QBT_45CYC_.0D1_.4D2_6.qasm,180,9999999,9999999,,45,9999999,16(35.56%),,0(),0(),0(-),,180(cx),99(cx),81(45.00%),,10.38304996,5.008305788
./benchmark/BIGD/20QBT_45CYC_.1D1_.5D2_9.qasm,315,9999999,9999999,,45,9999999,10(22.22%),,90(x),58(x),32(35.56%),,225(cx),150(cx),75(33.33%),,9.198869467,5.008305788
./benchmark/BIGD/20QBT_45CYC_.2D1_.1D2_3.qasm,225,9999999,9999999,,45,9999999,17(37.78%),,180(x),38(x),142(78.89%),,45(cx),37(cx),8(17.78%),,1.078717947,5.008305788
./benchmark/BIGD/20QBT_45CYC_.0D1_.5D2_8.qasm,225,9999999,9999999,,45,9999999,8(17.78%),,0(),0(),0(-),,225(cx),156(cx),69(30.67%),,13.38817167,5.008305788
./benchmark/BIGD/20QBT_45CYC_.1D1_.6D2_2.qasm,360,9999999,9999999,,45,9999999,3(6.67%),,90(x),48(x),42(46.67%),,270(cx),179(cx),91(33.70%),,12.9372313,5.008305788
./benchmark/BIGD/20QBT_45CYC_.3D1_.2D2_8.qasm,360,9999999,9999999,,45,9999999,20(44.44%),,270(x),66(x),204(75.56%),,90(cx),73(cx),17(18.89%),,2.842922211,5.008305788
./benchmark/BIGD/20QBT_45CYC_.1D1_.6D2_0.qasm,360,9999999,9999999,,45,9999999,3(6.67%),,90(x),58(x),32(35.56%),,270(cx),183(cx),87(32.22%),,10.13455725,5.008305788
./benchmark/BIGD/20QBT_45CYC_.1D1_.3D2_3.qasm,225,9999999,9999999,,45,9999999,17(37.78%),,90(x),50(x),40(44.44%),,135(cx),99(cx),36(26.67%),,3.01408267,5.008305788
./benchmark/BIGD/20QBT_45CYC_.2D1_.3D2_4.qasm,315,9999999,9999999,,45,9999999,11(24.44%),,180(x),66(x),114(63.33%),,135(cx),102(cx),33(24.44%),,3.41996026,5.008305788
./benchmark/BIGD/20QBT_45CYC_.0D1_.5D2_7.qasm,225,9999999,9999999,,45,9999999,7(15.56%),,0(),0(),0(-),,225(cx),155(cx),70(31.11%),,13.17172909,5.008305788
./benchmark/BIGD/20QBT_45CYC_.6D1_.1D2_2.qasm,585,9999999,9999999,,45,9999999,18(40.00%),,540(x),48(x),492(91.11%),,45(cx),39(cx),6(13.33%),,1.427405596,5.008305788
./benchmark/BIGD/20QBT_45CYC_.4D1_.3D2_9.qasm,495,9999999,9999999,,45,9999999,16(35.56%),,360(x),78(x),282(78.33%),,135(cx),94(cx),41(30.37%),,4.099560022,5.008305788
./benchmark/BIGD/20QBT_45CYC_.0D1_.2D2_4.qasm,90,9999999,9999999,,45,9999999,27(60.00%),,0(),0(),0(-),,90(cx),55(cx),35(38.89%),,2.952408075,5.008305788
./benchmark/BIGD/20QBT_45CYC_.3D1_.3D2_5.qasm,405,9999999,9999999,,45,9999999,12(26.67%),,270(x),80(x),190(70.37%),,135(cx),100(cx),35(25.93%),,3.312961102,5.008305788
./benchmark/BIGD/20QBT_45CYC_.0D1_.2D2_7.qasm,90,9999999,9999999,,45,9999999,22(48.89%),,0(),0(),0(-),,90(cx),55(cx),35(38.89%),,2.2346766,5.008305788
./benchmark/BIGD/20QBT_45CYC_.2D1_.1D2_2.qasm,225,9999999,9999999,,45,9999999,25(55.56%),,180(x),24(x),156(86.67%),,45(cx),30(cx),15(33.33%),,0.805361986,5.008305788
./benchmark/BIGD/20QBT_45CYC_.3D1_.5D2_4.qasm,495,9999999,9999999,,45,9999999,4(8.89%),,270(x),114(x),156(57.78%),,225(cx),174(cx),51(22.67%),,4.769754171,5.008305788
./benchmark/BIGD/20QBT_45CYC_.0D1_.1D2_8.qasm,45,9999999,9999999,,45,9999999,32(71.11%),,0(),0(),0(-),,45(cx),22(cx),23(51.11%),,0.130560875,5.008305788
./benchmark/BIGD/20QBT_45CYC_.4D1_.1D2_7.qasm,405,9999999,9999999,,45,9999999,28(62.22%),,360(x),36(x),324(90.00%),,45(cx),33(cx),12(26.67%),,1.298328638,5.008305788
./benchmark/BIGD/20QBT_45CYC_.2D1_.4D2_6.qasm,360,9999999,9999999,,45,9999999,2(4.44%),,180(x),68(x),112(62.22%),,180(cx),138(cx),42(23.33%),,5.357568979,5.008305788
./benchmark/BIGD/20QBT_45CYC_.3D1_.5D2_2.qasm,495,9999999,9999999,,45,9999999,4(8.89%),,270(x),90(x),180(66.67%),,225(cx),175(cx),50(22.22%),,6.603647709,5.008305788
./benchmark/BIGD/20QBT_45CYC_.1D1_.1D2_6.qasm,135,9999999,9999999,,45,9999999,28(62.22%),,90(x),34(x),56(62.22%),,45(cx),34(cx),11(24.44%),,0.6159091,5.008305788
./benchmark/BIGD/20QBT_45CYC_.1D1_.2D2_2.qasm,180,9999999,9999999,,45,9999999,24(53.33%),,90(x),30(x),60(66.67%),,90(cx),61(cx),29(32.22%),,2.202873468,5.008305788
./benchmark/BIGD/20QBT_45CYC_.3D1_.1D2_0.qasm,315,9999999,9999999,,45,9999999,19(42.22%),,270(x),36(x),234(86.67%),,45(cx),39(cx),6(13.33%),,1.325843573,5.008305788
./benchmark/BIGD/20QBT_45CYC_.0D1_.7D2_2.qasm,315,9999999,9999999,,45,9999999,1(2.22%),,0(),0(),0(-),,315(cx),181(cx),134(42.54%),,20.91656327,5.008305788
./benchmark/BIGD/20QBT_45CYC_.2D1_.3D2_2.qasm,315,9999999,9999999,,45,9999999,17(37.78%),,180(x),56(x),124(68.89%),,135(cx),91(cx),44(32.59%),,3.767959833,5.008305788
./benchmark/BIGD/20QBT_45CYC_.3D1_.5D2_1.qasm,495,9999999,9999999,,45,9999999,4(8.89%),,270(x),104(x),166(61.48%),,225(cx),178(cx),47(20.89%),,5.091898203,5.008305788
./benchmark/BIGD/20QBT_45CYC_.3D1_.1D2_8.qasm,315,9999999,9999999,,45,9999999,17(37.78%),,270(x),42(x),228(84.44%),,45(cx),36(cx),9(20.00%),,1.241291285,5.008305788
./benchmark/BIGD/20QBT_45CYC_.1D1_.6D2_8.qasm,360,9999999,9999999,,45,9999999,7(15.56%),,90(x),58(x),32(35.56%),,270(cx),175(cx),95(35.19%),,9.93569231,5.008305788
./benchmark/BIGD/20QBT_45CYC_.1D1_.5D2_3.qasm,315,9999999,9999999,,45,9999999,6(13.33%),,90(x),58(x),32(35.56%),,225(cx),168(cx),57(25.33%),,4.513064623,5.008305788
./benchmark/BIGD/20QBT_45CYC_.7D1_.1D2_8.qasm,675,9999999,9999999,,45,9999999,27(60.00%),,630(x),30(x),600(95.24%),,45(cx),31(cx),14(31.11%),,1.414045095,5.008305788
./benchmark/BIGD/20QBT_45CYC_.0D1_.7D2_5.qasm,315,9999999,9999999,,45,9999999,-1(-2.22%),,0(),0(),0(-),,315(cx),192(cx),123(39.05%),,17.99080205,5.008305788
./benchmark/BIGD/20QBT_45CYC_.5D1_.1D2_6.qasm,495,9999999,9999999,,45,9999999,29(64.44%),,450(x),26(x),424(94.22%),,45(cx),30(cx),15(33.33%),,1.257955313,5.008305788
./benchmark/BIGD/20QBT_45CYC_.7D1_.1D2_5.qasm,675,9999999,9999999,,45,9999999,31(68.89%),,630(x),42(x),588(93.33%),,45(cx),35(cx),10(22.22%),,1.65195775,5.008305788
./benchmark/BIGD/20QBT_45CYC_.3D1_.5D2_9.qasm,495,9999999,9999999,,45,9999999,4(8.89%),,270(x),102(x),168(62.22%),,225(cx),159(cx),66(29.33%),,6.005526543,5.008305788
./benchmark/BIGD/20QBT_45CYC_.4D1_.1D2_4.qasm,405,9999999,9999999,,45,9999999,23(51.11%),,360(x),36(x),324(90.00%),,45(cx),37(cx),8(17.78%),,1.12499547,5.008305788
./benchmark/BIGD/20QBT_45CYC_.0D1_.8D2_2.qasm,360,9999999,9999999,,45,9999999,-1(-2.22%),,0(),0(),0(-),,360(cx),202(cx),158(43.89%),,19.97717762,5.008305788
./benchmark/BIGD/20QBT_45CYC_.5D1_.2D2_2.qasm,540,9999999,9999999,,45,9999999,13(28.89%),,450(x),60(x),390(86.67%),,90(cx),77(cx),13(14.44%),,2.509894133,5.008305788
./benchmark/BIGD/20QBT_45CYC_.0D1_.5D2_4.qasm,225,9999999,9999999,,45,9999999,7(15.56%),,0(),0(),0(-),,225(cx),142(cx),83(36.89%),,12.35611439,5.008305788
./benchmark/BIGD/20QBT_45CYC_.2D1_.6D2_5.qasm,450,9999999,9999999,,45,9999999,3(6.67%),,180(x),94(x),86(47.78%),,270(cx),175(cx),95(35.19%),,5.905055523,5.008305788
./benchmark/BIGD/20QBT_45CYC_.2D1_.1D2_7.qasm,225,9999999,9999999,,45,9999999,14(31.11%),,180(x),40(x),140(77.78%),,45(cx),41(cx),4(8.89%),,0.823080301,5.008305788
./benchmark/BIGD/20QBT_45CYC_.2D1_.2D2_6.qasm,270,9999999,9999999,,45,9999999,17(37.78%),,180(x),48(x),132(73.33%),,90(cx),72(cx),18(20.00%),,2.296121836,5.008305788
./benchmark/BIGD/20QBT_45CYC_.4D1_.1D2_0.qasm,405,9999999,9999999,,45,9999999,27(60.00%),,360(x),32(x),328(91.11%),,45(cx),37(cx),8(17.78%),,0.965533972,5.008305788
./benchmark/BIGD/20QBT_45CYC_.6D1_.1D2_6.qasm,585,9999999,9999999,,45,9999999,25(55.56%),,540(x),32(x),508(94.07%),,45(cx),31(cx),14(31.11%),,1.48966527,5.008305788
./benchmark/BIGD/20QBT_45CYC_.2D1_.5D2_5.qasm,405,9999999,9999999,,45,9999999,3(6.67%),,180(x),84(x),96(53.33%),,225(cx),183(cx),42(18.67%),,5.587818384,5.008305788
./benchmark/BIGD/20QBT_45CYC_.1D1_.5D2_4.qasm,315,9999999,9999999,,45,9999999,3(6.67%),,90(x),44(x),46(51.11%),,225(cx),158(cx),67(29.78%),,8.694276094,5.008305788
./benchmark/BIGD/20QBT_45CYC_.2D1_.6D2_3.qasm,450,9999999,9999999,,45,9999999,2(4.44%),,180(x),90(x),90(50.00%),,270(cx),194(cx),76(28.15%),,6.778981924,5.008305788
./benchmark/BIGD/20QBT_45CYC_.1D1_.2D2_7.qasm,180,9999999,9999999,,45,9999999,17(37.78%),,90(x),42(x),48(53.33%),,90(cx),63(cx),27(30.00%),,1.950823307,5.008305788
./benchmark/BIGD/20QBT_45CYC_.4D1_.1D2_5.qasm,405,9999999,9999999,,45,9999999,23(51.11%),,360(x),32(x),328(91.11%),,45(cx),41(cx),4(8.89%),,1.184909344,5.008305788
./benchmark/BIGD/20QBT_45CYC_.2D1_.4D2_3.qasm,360,9999999,9999999,,45,9999999,8(17.78%),,180(x),74(x),106(58.89%),,180(cx),140(cx),40(22.22%),,5.28672719,5.008305788
./benchmark/BIGD/20QBT_45CYC_.1D1_.1D2_0.qasm,135,9999999,9999999,,45,9999999,20(44.44%),,90(x),30(x),60(66.67%),,45(cx),38(cx),7(15.56%),,0.637269258,5.008305788
./benchmark/BIGD/20QBT_45CYC_.2D1_.4D2_0.qasm,360,9999999,9999999,,45,9999999,7(15.56%),,180(x),84(x),96(53.33%),,180(cx),136(cx),44(24.44%),,3.972406387,5.008305788
./benchmark/BIGD/20QBT_45CYC_.2D1_.5D2_4.qasm,405,9999999,9999999,,45,9999999,4(8.89%),,180(x),72(x),108(60.00%),,225(cx),167(cx),58(25.78%),,6.883294344,5.008305788
./benchmark/BIGD/20QBT_45CYC_.0D1_.7D2_1.qasm,315,9999999,9999999,,45,9999999,0(-),,0(),0(),0(-),,315(cx),192(cx),123(39.05%),,18.01984167,5.008305788
./benchmark/BIGD/20QBT_45CYC_.1D1_.7D2_4.qasm,405,9999999,9999999,,45,9999999,3(6.67%),,90(x),56(x),34(37.78%),,315(cx),199(cx),116(36.83%),,11.68269825,5.008305788
./benchmark/BIGD/20QBT_45CYC_.0D1_.4D2_3.qasm,180,9999999,9999999,,45,9999999,16(35.56%),,0(),0(),0(-),,180(cx),96(cx),84(46.67%),,9.94986105,5.008305788
./benchmark/BIGD/20QBT_45CYC_.6D1_.1D2_9.qasm,585,9999999,9999999,,45,9999999,20(44.44%),,540(x),42(x),498(92.22%),,45(cx),38(cx),7(15.56%),,1.476139545,5.008305788
./benchmark/BIGD/20QBT_45CYC_.5D1_.2D2_0.qasm,540,9999999,9999999,,45,9999999,14(31.11%),,450(x),72(x),378(84.00%),,90(cx),81(cx),9(10.00%),,3.069858789,5.008305788
./benchmark/BIGD/20QBT_45CYC_.2D1_.3D2_3.qasm,315,9999999,9999999,,45,9999999,16(35.56%),,180(x),70(x),110(61.11%),,135(cx),94(cx),41(30.37%),,3.228773117,5.008305788
./benchmark/BIGD/20QBT_45CYC_.3D1_.3D2_7.qasm,405,9999999,9999999,,45,9999999,10(22.22%),,270(x),74(x),196(72.59%),,135(cx),110(cx),25(18.52%),,3.428655624,5.008305788
./benchmark/BIGD/20QBT_45CYC_.1D1_.3D2_8.qasm,225,9999999,9999999,,45,9999999,16(35.56%),,90(x),40(x),50(55.56%),,135(cx),96(cx),39(28.89%),,4.068058014,5.008305788
./benchmark/BIGD/20QBT_45CYC_.3D1_.2D2_3.qasm,360,9999999,9999999,,45,9999999,18(40.00%),,270(x),64(x),206(76.30%),,90(cx),79(cx),11(12.22%),,2.234590054,5.008305788
./benchmark/BIGD/20QBT_45CYC_.2D1_.2D2_0.qasm,270,9999999,9999999,,45,9999999,17(37.78%),,180(x),48(x),132(73.33%),,90(cx),69(cx),21(23.33%),,2.170665979,5.008305788
./benchmark/BIGD/20QBT_45CYC_.1D1_.7D2_6.qasm,405,9999999,9999999,,45,9999999,-1(-2.22%),,90(x),62(x),28(31.11%),,315(cx),216(cx),99(31.43%),,12.5765903,5.008305788
./benchmark/BIGD/20QBT_45CYC_.4D1_.2D2_8.qasm,450,9999999,9999999,,45,9999999,13(28.89%),,360(x),58(x),302(83.89%),,90(cx),73(cx),17(18.89%),,2.514185667,5.008305788
./benchmark/BIGD/20QBT_45CYC_.2D1_.6D2_9.qasm,450,9999999,9999999,,45,9999999,4(8.89%),,180(x),78(x),102(56.67%),,270(cx),176(cx),94(34.81%),,8.246047497,5.008305788
./benchmark/BIGD/20QBT_45CYC_.4D1_.3D2_8.qasm,495,9999999,9999999,,45,9999999,18(40.00%),,360(x),80(x),280(77.78%),,135(cx),98(cx),37(27.41%),,4.087098598,5.008305788
./benchmark/BIGD/20QBT_45CYC_.2D1_.2D2_2.qasm,270,9999999,9999999,,45,9999999,21(46.67%),,180(x),36(x),144(80.00%),,90(cx),60(cx),30(33.33%),,2.44721055,5.008305788
./benchmark/BIGD/20QBT_45CYC_.0D1_.3D2_5.qasm,135,9999999,9999999,,45,9999999,24(53.33%),,0(),0(),0(-),,135(cx),79(cx),56(41.48%),,7.074605703,5.008305788
./benchmark/BIGD/20QBT_45CYC_.5D1_.1D2_2.qasm,495,9999999,9999999,,45,9999999,19(42.22%),,450(x),42(x),408(90.67%),,45(cx),35(cx),10(22.22%),,1.28041482,5.008305788
./benchmark/BIGD/20QBT_45CYC_.0D1_.3D2_8.qasm,135,9999999,9999999,,45,9999999,25(55.56%),,0(),0(),0(-),,135(cx),80(cx),55(40.74%),,5.995507956,5.008305788
./benchmark/BIGD/20QBT_45CYC_.1D1_.1D2_4.qasm,135,9999999,9999999,,45,9999999,29(64.44%),,90(x),26(x),64(71.11%),,45(cx),33(cx),12(26.67%),,0.751574755,5.008305788
./benchmark/BIGD/20QBT_45CYC_.1D1_.7D2_9.qasm,405,9999999,9999999,,45,9999999,0(-),,90(x),66(x),24(26.67%),,315(cx),230(cx),85(26.98%),,13.32622838,5.008305788
./benchmark/BIGD/20QBT_45CYC_.3D1_.4D2_1.qasm,450,9999999,9999999,,45,9999999,11(24.44%),,270(x),88(x),182(67.41%),,180(cx),125(cx),55(30.56%),,4.57237792,5.008305788
./benchmark/BIGD/20QBT_45CYC_.5D1_.3D2_9.qasm,585,9999999,9999999,,45,9999999,5(11.11%),,450(x),82(x),368(81.78%),,135(cx),109(cx),26(19.26%),,4.637481213,5.008305788
./benchmark/BIGD/20QBT_45CYC_.7D1_.1D2_7.qasm,675,9999999,9999999,,45,9999999,25(55.56%),,630(x),36(x),594(94.29%),,45(cx),35(cx),10(22.22%),,1.716166019,5.008305788
./benchmark/BIGD/20QBT_45CYC_.4D1_.2D2_5.qasm,450,9999999,9999999,,45,9999999,14(31.11%),,360(x),52(x),308(85.56%),,90(cx),71(cx),19(21.11%),,1.749078274,5.008305788
./benchmark/BIGD/20QBT_45CYC_.1D1_.4D2_2.qasm,270,9999999,9999999,,45,9999999,11(24.44%),,90(x),54(x),36(40.00%),,180(cx),123(cx),57(31.67%),,4.219193697,5.008305788
./benchmark/BIGD/20QBT_45CYC_.3D1_.3D2_3.qasm,405,9999999,9999999,,45,9999999,11(24.44%),,270(x),92(x),178(65.93%),,135(cx),113(cx),22(16.30%),,3.669202328,5.008305788
./benchmark/BIGD/20QBT_45CYC_.4D1_.3D2_5.qasm,495,9999999,9999999,,45,9999999,10(22.22%),,360(x),86(x),274(76.11%),,135(cx),105(cx),30(22.22%),,4.328407288,5.008305788
./benchmark/BIGD/20QBT_45CYC_.1D1_.6D2_5.qasm,360,9999999,9999999,,45,9999999,6(13.33%),,90(x),54(x),36(40.00%),,270(cx),179(cx),91(33.70%),,7.787071466,5.008305788
./benchmark/BIGD/20QBT_45CYC_.0D1_.4D2_8.qasm,180,9999999,9999999,,45,9999999,11(24.44%),,0(),0(),0(-),,180(cx),126(cx),54(30.00%),,7.812398195,5.008305788
./benchmark/BIGD/20QBT_45CYC_.0D1_.8D2_4.qasm,360,9999999,9999999,,45,9999999,-2(-4.44%),,0(),0(),0(-),,360(cx),207(cx),153(42.50%),,24.41014123,5.008305788
./benchmark/BIGD/20QBT_45CYC_.0D1_.1D2_2.qasm,45,9999999,9999999,,45,9999999,28(62.22%),,0(),0(),0(-),,45(cx),24(cx),21(46.67%),,0.243042469,5.008305788
./benchmark/BIGD/20QBT_45CYC_.0D1_.4D2_5.qasm,180,9999999,9999999,,45,9999999,18(40.00%),,0(),0(),0(-),,180(cx),111(cx),69(38.33%),,7.205526114,5.008305788
./benchmark/BIGD/20QBT_45CYC_.2D1_.6D2_0.qasm,450,9999999,9999999,,45,9999999,3(6.67%),,180(x),90(x),90(50.00%),,270(cx),179(cx),91(33.70%),,8.261770248,5.008305788
./benchmark/BIGD/20QBT_45CYC_.3D1_.1D2_7.qasm,315,9999999,9999999,,45,9999999,23(51.11%),,270(x),42(x),228(84.44%),,45(cx),37(cx),8(17.78%),,0.875384808,5.008305788
./benchmark/BIGD/20QBT_45CYC_.5D1_.1D2_1.qasm,495,9999999,9999999,,45,9999999,20(44.44%),,450(x),32(x),418(92.89%),,45(cx),33(cx),12(26.67%),,1.365880728,5.008305788
./benchmark/BIGD/20QBT_45CYC_.2D1_.1D2_1.qasm,225,9999999,9999999,,45,9999999,17(37.78%),,180(x),36(x),144(80.00%),,45(cx),42(cx),3(6.67%),,0.761196136,5.008305788
./benchmark/BIGD/20QBT_45CYC_.1D1_.4D2_7.qasm,270,9999999,9999999,,45,9999999,4(8.89%),,90(x),50(x),40(44.44%),,180(cx),140(cx),40(22.22%),,6.483286858,5.008305788
./benchmark/BIGD/20QBT_45CYC_.1D1_.6D2_3.qasm,360,9999999,9999999,,45,9999999,2(4.44%),,90(x),60(x),30(33.33%),,270(cx),183(cx),87(32.22%),,10.43556428,5.008305788
./benchmark/BIGD/20QBT_45CYC_.4D1_.1D2_3.qasm,405,9999999,9999999,,45,9999999,26(57.78%),,360(x),30(x),330(91.67%),,45(cx),38(cx),7(15.56%),,1.416739702,5.008305788
./benchmark/BIGD/20QBT_45CYC_.0D1_.1D2_6.qasm,45,9999999,9999999,,45,9999999,32(71.11%),,0(),0(),0(-),,45(cx),19(cx),26(57.78%),,0.086013317,5.008305788
./benchmark/BIGD/20QBT_45CYC_.3D1_.2D2_7.qasm,360,9999999,9999999,,45,9999999,22(48.89%),,270(x),66(x),204(75.56%),,90(cx),81(cx),9(10.00%),,1.806275845,5.008305788
./benchmark/BIGD/20QBT_45CYC_.6D1_.1D2_0.qasm,585,9999999,9999999,,45,9999999,29(64.44%),,540(x),40(x),500(92.59%),,45(cx),35(cx),10(22.22%),,1.384053707,5.008305788
./benchmark/BIGD/20QBT_45CYC_.1D1_.1D2_1.qasm,135,9999999,9999999,,45,9999999,24(53.33%),,90(x),42(x),48(53.33%),,45(cx),39(cx),6(13.33%),,0.689352751,5.008305788
./benchmark/BIGD/20QBT_45CYC_.7D1_.1D2_3.qasm,675,9999999,9999999,,45,9999999,24(53.33%),,630(x),36(x),594(94.29%),,45(cx),35(cx),10(22.22%),,1.713303804,5.008305788
./benchmark/BIGD/20QBT_45CYC_.4D1_.1D2_2.qasm,405,9999999,9999999,,45,9999999,22(48.89%),,360(x),36(x),324(90.00%),,45(cx),42(cx),3(6.67%),,1.025113344,5.008305788
./benchmark/BIGD/20QBT_45CYC_.3D1_.3D2_8.qasm,405,9999999,9999999,,45,9999999,10(22.22%),,270(x),86(x),184(68.15%),,135(cx),114(cx),21(15.56%),,2.835674763,5.008305788
./benchmark/BIGD/20QBT_45CYC_.7D1_.1D2_4.qasm,675,9999999,9999999,,45,9999999,24(53.33%),,630(x),36(x),594(94.29%),,45(cx),33(cx),12(26.67%),,1.527991772,5.008305788
./benchmark/BIGD/20QBT_45CYC_.0D1_.6D2_3.qasm,270,9999999,9999999,,45,9999999,8(17.78%),,0(),0(),0(-),,270(cx),175(cx),95(35.19%),,19.57186365,5.008305788
./benchmark/BIGD/20QBT_45CYC_.2D1_.3D2_6.qasm,315,9999999,9999999,,45,9999999,14(31.11%),,180(x),70(x),110(61.11%),,135(cx),97(cx),38(28.15%),,3.244862795,5.008305788
./benchmark/BIGD/20QBT_45CYC_.0D1_.8D2_7.qasm,360,9999999,9999999,,45,9999999,2(4.44%),,0(),0(),0(-),,360(cx),197(cx),163(45.28%),,19.78288722,5.008305788
./benchmark/BIGD/20QBT_45CYC_.3D1_.5D2_3.qasm,495,9999999,9999999,,45,9999999,4(8.89%),,270(x),90(x),180(66.67%),,225(cx),170(cx),55(24.44%),,6.548363924,5.008305788
./benchmark/BIGD/20QBT_45CYC_.5D1_.2D2_8.qasm,540,9999999,9999999,,45,9999999,14(31.11%),,450(x),66(x),384(85.33%),,90(cx),80(cx),10(11.11%),,2.552551031,5.008305788
./benchmark/BIGD/20QBT_45CYC_.4D1_.4D2_5.qasm,540,9999999,9999999,,45,9999999,5(11.11%),,360(x),92(x),268(74.44%),,180(cx),143(cx),37(20.56%),,5.242797852,5.008305788
./benchmark/BIGD/20QBT_45CYC_.5D1_.2D2_6.qasm,540,9999999,9999999,,45,9999999,15(33.33%),,450(x),66(x),384(85.33%),,90(cx),79(cx),11(12.22%),,2.674993515,5.008305788
./benchmark/BIGD/20QBT_45CYC_.6D1_.2D2_6.qasm,630,9999999,9999999,,45,9999999,14(31.11%),,540(x),78(x),462(85.56%),,90(cx),80(cx),10(11.11%),,3.191429377,5.008305788
./benchmark/BIGD/20QBT_45CYC_.0D1_.1D2_0.qasm,45,9999999,9999999,,45,9999999,30(66.67%),,0(),0(),0(-),,45(cx),23(cx),22(48.89%),,0.098176956,5.008305788
./benchmark/BIGD/20QBT_45CYC_.0D1_.1D2_9.qasm,45,9999999,9999999,,45,9999999,37(82.22%),,0(),0(),0(-),,45(cx),13(cx),32(71.11%),,0.035825014,5.008305788
./benchmark/BIGD/20QBT_45CYC_.4D1_.4D2_1.qasm,540,9999999,9999999,,45,9999999,9(20.00%),,360(x),86(x),274(76.11%),,180(cx),141(cx),39(21.67%),,4.943109035,5.008305788
./benchmark/BIGD/20QBT_45CYC_.3D1_.2D2_4.qasm,360,9999999,9999999,,45,9999999,18(40.00%),,270(x),70(x),200(74.07%),,90(cx),78(cx),12(13.33%),,1.855782509,5.008305788
./benchmark/BIGD/20QBT_45CYC_.6D1_.1D2_5.qasm,585,9999999,9999999,,45,9999999,19(42.22%),,540(x),36(x),504(93.33%),,45(cx),41(cx),4(8.89%),,1.633434534,5.008305788
./benchmark/BIGD/20QBT_45CYC_.4D1_.3D2_7.qasm,495,9999999,9999999,,45,9999999,14(31.11%),,360(x),76(x),284(78.89%),,135(cx),104(cx),31(22.96%),,3.698972225,5.008305788
./benchmark/BIGD/20QBT_45CYC_.3D1_.4D2_6.qasm,450,9999999,9999999,,45,9999999,6(13.33%),,270(x),106(x),164(60.74%),,180(cx),146(cx),34(18.89%),,5.042380333,5.008305788
./benchmark/BIGD/20QBT_45CYC_.3D1_.1D2_1.qasm,315,9999999,9999999,,45,9999999,16(35.56%),,270(x),40(x),230(85.19%),,45(cx),39(cx),6(13.33%),,1.105947495,5.008305788
./benchmark/BIGD/20QBT_45CYC_.2D1_.4D2_2.qasm,360,9999999,9999999,,45,9999999,9(20.00%),,180(x),78(x),102(56.67%),,180(cx),148(cx),32(17.78%),,7.169319153,5.008305788
./benchmark/BIGD/20QBT_45CYC_.2D1_.4D2_7.qasm,360,9999999,9999999,,45,9999999,1(2.22%),,180(x),74(x),106(58.89%),,180(cx),134(cx),46(25.56%),,5.206346035,5.008305788
./benchmark/BIGD/20QBT_45CYC_.0D1_.6D2_6.qasm,270,9999999,9999999,,45,9999999,7(15.56%),,0(),0(),0(-),,270(cx),145(cx),125(46.30%),,16.65050149,5.008305788
./benchmark/BIGD/20QBT_45CYC_.1D1_.7D2_0.qasm,405,9999999,9999999,,45,9999999,-3(-6.67%),,90(x),58(x),32(35.56%),,315(cx),238(cx),77(24.44%),,10.86323738,5.008305788
./benchmark/BIGD/20QBT_45CYC_.1D1_.2D2_9.qasm,180,9999999,9999999,,45,9999999,20(44.44%),,90(x),28(x),62(68.89%),,90(cx),72(cx),18(20.00%),,1.970701694,5.008305788
./benchmark/BIGD/20QBT_45CYC_.6D1_.1D2_7.qasm,585,9999999,9999999,,45,9999999,33(73.33%),,540(x),34(x),506(93.70%),,45(cx),31(cx),14(31.11%),,1.467458248,5.008305788
./benchmark/BIGD/20QBT_45CYC_.4D1_.2D2_6.qasm,450,9999999,9999999,,45,9999999,14(31.11%),,360(x),68(x),292(81.11%),,90(cx),78(cx),12(13.33%),,2.490842342,5.008305788
./benchmark/BIGD/20QBT_45CYC_.3D1_.4D2_4.qasm,450,9999999,9999999,,45,9999999,6(13.33%),,270(x),90(x),180(66.67%),,180(cx),142(cx),38(21.11%),,5.077119827,5.008305788
./benchmark/BIGD/20QBT_45CYC_.1D1_.1D2_7.qasm,135,9999999,9999999,,45,9999999,25(55.56%),,90(x),26(x),64(71.11%),,45(cx),31(cx),14(31.11%),,0.653669834,5.008305788
./benchmark/BIGD/20QBT_45CYC_.4D1_.1D2_1.qasm,405,9999999,9999999,,45,9999999,18(40.00%),,360(x),42(x),318(88.33%),,45(cx),39(cx),6(13.33%),,1.46400547,5.008305788
./benchmark/BIGD/20QBT_45CYC_.4D1_.1D2_6.qasm,405,9999999,9999999,,45,9999999,26(57.78%),,360(x),36(x),324(90.00%),,45(cx),37(cx),8(17.78%),,1.166402102,5.008305788
./benchmark/BIGD/20QBT_45CYC_.1D1_.5D2_2.qasm,315,9999999,9999999,,45,9999999,6(13.33%),,90(x),46(x),44(48.89%),,225(cx),162(cx),63(28.00%),,6.621397018,5.008305788
./benchmark/BIGD/20QBT_45CYC_.4D1_.2D2_2.qasm,450,9999999,9999999,,45,9999999,19(42.22%),,360(x),50(x),310(86.11%),,90(cx),76(cx),14(15.56%),,2.935427666,5.008305788
./benchmark/BIGD/20QBT_45CYC_.5D1_.1D2_0.qasm,495,9999999,9999999,,45,9999999,17(37.78%),,450(x),46(x),404(89.78%),,45(cx),41(cx),4(8.89%),,1.401164532,5.008305788
./benchmark/BIGD/20QBT_45CYC_.1D1_.6D2_1.qasm,360,9999999,9999999,,45,9999999,4(8.89%),,90(x),44(x),46(51.11%),,270(cx),180(cx),90(33.33%),,10.77772808,5.008305788
./benchmark/BIGD/20QBT_45CYC_.0D1_.3D2_1.qasm,135,9999999,9999999,,45,9999999,21(46.67%),,0(),0(),0(-),,135(cx),87(cx),48(35.56%),,6.437479734,5.008305788
./benchmark/BIGD/20QBT_45CYC_.4D1_.2D2_0.qasm,450,9999999,9999999,,45,9999999,17(37.78%),,360(x),76(x),284(78.89%),,90(cx),80(cx),10(11.11%),,2.383034468,5.008305788
./benchmark/BIGD/20QBT_45CYC_.6D1_.2D2_8.qasm,630,9999999,9999999,,45,9999999,10(22.22%),,540(x),76(x),464(85.93%),,90(cx),79(cx),11(12.22%),,3.271464348,5.008305788
./benchmark/BIGD/20QBT_45CYC_.0D1_.2D2_1.qasm,90,9999999,9999999,,45,9999999,31(68.89%),,0(),0(),0(-),,90(cx),54(cx),36(40.00%),,2.750477791,5.008305788
./benchmark/BIGD/20QBT_45CYC_.1D1_.7D2_3.qasm,405,9999999,9999999,,45,9999999,3(6.67%),,90(x),50(x),40(44.44%),,315(cx),208(cx),107(33.97%),,12.92474389,5.008305788
./benchmark/BIGD/20QBT_45CYC_.2D1_.1D2_9.qasm,225,9999999,9999999,,45,9999999,21(46.67%),,180(x),42(x),138(76.67%),,45(cx),35(cx),10(22.22%),,0.857570887,5.008305788
./benchmark/BIGD/20QBT_45CYC_.0D1_.7D2_3.qasm,315,9999999,9999999,,45,9999999,0(-),,0(),0(),0(-),,315(cx),190(cx),125(39.68%),,21.6861763,5.008305788
./benchmark/BIGD/20QBT_45CYC_.0D1_.7D2_9.qasm,315,9999999,9999999,,45,9999999,5(11.11%),,0(),0(),0(-),,315(cx),181(cx),134(42.54%),,21.18590379,5.008305788
./benchmark/BIGD/20QBT_45CYC_.6D1_.2D2_9.qasm,630,9999999,9999999,,45,9999999,16(35.56%),,540(x),68(x),472(87.41%),,90(cx),72(cx),18(20.00%),,2.849614382,5.008305788
./benchmark/BIGD/20QBT_45CYC_.1D1_.3D2_7.qasm,225,9999999,9999999,,45,9999999,14(31.11%),,90(x),56(x),34(37.78%),,135(cx),98(cx),37(27.41%),,4.496959448,5.008305788
./benchmark/BIGD/20QBT_45CYC_.5D1_.1D2_4.qasm,495,9999999,9999999,,45,9999999,22(48.89%),,450(x),28(x),422(93.78%),,45(cx),35(cx),10(22.22%),,1.232562304,5.008305788
./benchmark/BIGD/20QBT_45CYC_.3D1_.5D2_5.qasm,495,9999999,9999999,,45,9999999,7(15.56%),,270(x),108(x),162(60.00%),,225(cx),160(cx),65(28.89%),,5.552199364,5.008305788
./benchmark/BIGD/20QBT_45CYC_.3D1_.4D2_3.qasm,450,9999999,9999999,,45,9999999,13(28.89%),,270(x),82(x),188(69.63%),,180(cx),121(cx),59(32.78%),,5.496737957,5.008305788
./benchmark/BIGD/20QBT_45CYC_.1D1_.2D2_3.qasm,180,9999999,9999999,,45,9999999,26(57.78%),,90(x),40(x),50(55.56%),,90(cx),65(cx),25(27.78%),,1.694283962,5.008305788
./benchmark/BIGD/20QBT_45CYC_.5D1_.1D2_7.qasm,495,9999999,9999999,,45,9999999,18(40.00%),,450(x),36(x),414(92.00%),,45(cx),39(cx),6(13.33%),,1.614359617,5.008305788
./benchmark/BIGD/20QBT_45CYC_.1D1_.7D2_8.qasm,405,9999999,9999999,,45,9999999,1(2.22%),,90(x),56(x),34(37.78%),,315(cx),218(cx),97(30.79%),,10.08380604,5.008305788
./benchmark/BIGD/20QBT_45CYC_.4D1_.4D2_8.qasm,540,9999999,9999999,,45,9999999,4(8.89%),,360(x),106(x),254(70.56%),,180(cx),142(cx),38(21.11%),,4.982405901,5.008305788
./benchmark/BIGD/20QBT_45CYC_.2D1_.1D2_5.qasm,225,9999999,9999999,,45,9999999,28(62.22%),,180(x),32(x),148(82.22%),,45(cx),33(cx),12(26.67%),,0.854619741,5.008305788
./benchmark/BIGD/20QBT_45CYC_.1D1_.4D2_0.qasm,270,9999999,9999999,,45,9999999,11(24.44%),,90(x),50(x),40(44.44%),,180(cx),115(cx),65(36.11%),,5.141717434,5.008305788
./benchmark/BIGD/20QBT_45CYC_.1D1_.5D2_6.qasm,315,9999999,9999999,,45,9999999,6(13.33%),,90(x),42(x),48(53.33%),,225(cx),161(cx),64(28.44%),,7.261636496,5.008305788
./benchmark/BIGD/20QBT_45CYC_.4D1_.4D2_2.qasm,540,9999999,9999999,,45,9999999,6(13.33%),,360(x),102(x),258(71.67%),,180(cx),143(cx),37(20.56%),,5.105147123,5.008305788
./benchmark/BIGD/20QBT_45CYC_.1D1_.4D2_5.qasm,270,9999999,9999999,,45,9999999,12(26.67%),,90(x),44(x),46(51.11%),,180(cx),124(cx),56(31.11%),,7.42728281,5.008305788
./benchmark/BIGD/20QBT_45CYC_.0D1_.3D2_3.qasm,135,9999999,9999999,,45,9999999,23(51.11%),,0(),0(),0(-),,135(cx),86(cx),49(36.30%),,6.244040489,5.008305788
./benchmark/BIGD/20QBT_45CYC_.1D1_.1D2_2.qasm,135,9999999,9999999,,45,9999999,27(60.00%),,90(x),28(x),62(68.89%),,45(cx),29(cx),16(35.56%),,0.525380135,5.008305788
./benchmark/BIGD/20QBT_45CYC_.2D1_.5D2_2.qasm,405,9999999,9999999,,45,9999999,5(11.11%),,180(x),84(x),96(53.33%),,225(cx),159(cx),66(29.33%),,6.879283428,5.008305788
./benchmark/BIGD/20QBT_45CYC_.4D1_.2D2_3.qasm,450,9999999,9999999,,45,9999999,12(26.67%),,360(x),56(x),304(84.44%),,90(cx),68(cx),22(24.44%),,2.674229622,5.008305788
./benchmark/BIGD/20QBT_45CYC_.0D1_.7D2_0.qasm,315,9999999,9999999,,45,9999999,3(6.67%),,0(),0(),0(-),,315(cx),180(cx),135(42.86%),,13.67557573,5.008305788
./benchmark/BIGD/20QBT_45CYC_.1D1_.4D2_3.qasm,270,9999999,9999999,,45,9999999,13(28.89%),,90(x),42(x),48(53.33%),,180(cx),125(cx),55(30.56%),,6.422996283,5.008305788
./benchmark/BIGD/20QBT_45CYC_.2D1_.4D2_9.qasm,360,9999999,9999999,,45,9999999,11(24.44%),,180(x),66(x),114(63.33%),,180(cx),113(cx),67(37.22%),,6.146233082,5.008305788
./benchmark/BIGD/20QBT_45CYC_.0D1_.4D2_2.qasm,180,9999999,9999999,,45,9999999,21(46.67%),,0(),0(),0(-),,180(cx),90(cx),90(50.00%),,9.458108425,5.008305788
./benchmark/BIGD/20QBT_45CYC_.2D1_.2D2_1.qasm,270,9999999,9999999,,45,9999999,16(35.56%),,180(x),54(x),126(70.00%),,90(cx),76(cx),14(15.56%),,2.411838531,5.008305788
./benchmark/BIGD/20QBT_45CYC_.0D1_.2D2_9.qasm,90,9999999,9999999,,45,9999999,30(66.67%),,0(),0(),0(-),,90(cx),40(cx),50(55.56%),,2.294642687,5.008305788
./benchmark/BIGD/20QBT_45CYC_.1D1_.3D2_1.qasm,225,9999999,9999999,,45,9999999,18(40.00%),,90(x),42(x),48(53.33%),,135(cx),101(cx),34(25.19%),,3.263137817,5.008305788
./benchmark/BIGD/20QBT_45CYC_.0D1_.6D2_0.qasm,270,9999999,9999999,,45,9999999,7(15.56%),,0(),0(),0(-),,270(cx),156(cx),114(42.22%),,17.51409674,5.008305788
./benchmark/BIGD/20QBT_45CYC_.0D1_.6D2_7.qasm,270,9999999,9999999,,45,9999999,4(8.89%),,0(),0(),0(-),,270(cx),165(cx),105(38.89%),,15.10428357,5.008305788
./benchmark/BIGD/20QBT_45CYC_.0D1_.6D2_2.qasm,270,9999999,9999999,,45,9999999,8(17.78%),,0(),0(),0(-),,270(cx),163(cx),107(39.63%),,14.98115206,5.008305788
./benchmark/BIGD/20QBT_45CYC_.1D1_.2D2_5.qasm,180,9999999,9999999,,45,9999999,19(42.22%),,90(x),36(x),54(60.00%),,90(cx),70(cx),20(22.22%),,1.876128435,5.008305788
./benchmark/BIGD/20QBT_45CYC_.4D1_.1D2_9.qasm,405,9999999,9999999,,45,9999999,32(71.11%),,360(x),22(x),338(93.89%),,45(cx),29(cx),16(35.56%),,1.266165972,5.008305788
./benchmark/BIGD/20QBT_45CYC_.1D1_.3D2_5.qasm,225,9999999,9999999,,45,9999999,15(33.33%),,90(x),46(x),44(48.89%),,135(cx),106(cx),29(21.48%),,3.143495798,5.008305788
./benchmark/BIGD/20QBT_45CYC_.0D1_.3D2_2.qasm,135,9999999,9999999,,45,9999999,20(44.44%),,0(),0(),0(-),,135(cx),80(cx),55(40.74%),,6.074697971,5.008305788
./benchmark/BIGD/20QBT_45CYC_.1D1_.4D2_4.qasm,270,9999999,9999999,,45,9999999,12(26.67%),,90(x),52(x),38(42.22%),,180(cx),122(cx),58(32.22%),,5.534859657,5.008305788
./benchmark/BIGD/20QBT_45CYC_.1D1_.7D2_2.qasm,405,9999999,9999999,,45,9999999,-1(-2.22%),,90(x),52(x),38(42.22%),,315(cx),192(cx),123(39.05%),,12.11615396,5.008305788
./benchmark/BIGD/20QBT_45CYC_.3D1_.1D2_6.qasm,315,9999999,9999999,,45,9999999,29(64.44%),,270(x),24(x),246(91.11%),,45(cx),31(cx),14(31.11%),,0.917571068,5.008305788
./benchmark/BIGD/20QBT_45CYC_.0D1_.8D2_5.qasm,360,9999999,9999999,,45,9999999,1(2.22%),,0(),0(),0(-),,360(cx),204(cx),156(43.33%),,20.38451982,5.008305788
./benchmark/BIGD/20QBT_45CYC_.6D1_.2D2_0.qasm,630,9999999,9999999,,45,9999999,16(35.56%),,540(x),62(x),478(88.52%),,90(cx),71(cx),19(21.11%),,2.938513279,5.008305788
./benchmark/BIGD/20QBT_45CYC_.0D1_.7D2_4.qasm,315,9999999,9999999,,45,9999999,8(17.78%),,0(),0(),0(-),,315(cx),183(cx),132(41.90%),,21.13766432,5.008305788
./benchmark/BIGD/20QBT_45CYC_.6D1_.1D2_4.qasm,585,9999999,9999999,,45,9999999,17(37.78%),,540(x),32(x),508(94.07%),,45(cx),33(cx),12(26.67%),,1.298025608,5.008305788
./benchmark/BIGD/20QBT_45CYC_.3D1_.2D2_0.qasm,360,9999999,9999999,,45,9999999,20(44.44%),,270(x),58(x),212(78.52%),,90(cx),69(cx),21(23.33%),,2.228307724,5.008305788
./benchmark/BIGD/20QBT_45CYC_.0D1_.1D2_7.qasm,45,9999999,9999999,,45,9999999,35(77.78%),,0(),0(),0(-),,45(cx),21(cx),24(53.33%),,0.145199299,5.008305788
./benchmark/BIGD/20QBT_45CYC_.5D1_.3D2_0.qasm,585,9999999,9999999,,45,9999999,9(20.00%),,450(x),86(x),364(80.89%),,135(cx),111(cx),24(17.78%),,3.745528221,5.008305788
./benchmark/BIGD/20QBT_45CYC_.4D1_.3D2_6.qasm,495,9999999,9999999,,45,9999999,8(17.78%),,360(x),84(x),276(76.67%),,135(cx),105(cx),30(22.22%),,3.324859142,5.008305788
./benchmark/BIGD/20QBT_45CYC_.4D1_.3D2_4.qasm,495,9999999,9999999,,45,9999999,14(31.11%),,360(x),82(x),278(77.22%),,135(cx),105(cx),30(22.22%),,4.233389139,5.008305788
./benchmark/BIGD/20QBT_45CYC_.3D1_.3D2_1.qasm,405,9999999,9999999,,45,9999999,13(28.89%),,270(x),76(x),194(71.85%),,135(cx),102(cx),33(24.44%),,3.33577776,5.008305788
./benchmark/BIGD/20QBT_45CYC_.2D1_.6D2_8.qasm,450,9999999,9999999,,45,9999999,1(2.22%),,180(x),76(x),104(57.78%),,270(cx),192(cx),78(28.89%),,9.130482197,5.008305788
./benchmark/BIGD/20QBT_45CYC_.3D1_.4D2_0.qasm,450,9999999,9999999,,45,9999999,10(22.22%),,270(x),100(x),170(62.96%),,180(cx),143(cx),37(20.56%),,3.615791798,5.008305788
./benchmark/BIGD/20QBT_45CYC_.6D1_.2D2_1.qasm,630,9999999,9999999,,45,9999999,15(33.33%),,540(x),66(x),474(87.78%),,90(cx),76(cx),14(15.56%),,2.519386292,5.008305788
./benchmark/BIGD/20QBT_45CYC_.5D1_.2D2_4.qasm,540,9999999,9999999,,45,9999999,18(40.00%),,450(x),62(x),388(86.22%),,90(cx),71(cx),19(21.11%),,2.420723438,5.008305788
./benchmark/BIGD/20QBT_45CYC_.2D1_.2D2_8.qasm,270,9999999,9999999,,45,9999999,20(44.44%),,180(x),48(x),132(73.33%),,90(cx),72(cx),18(20.00%),,2.18897891,5.008305788
./benchmark/BIGD/20QBT_45CYC_.4D1_.4D2_0.qasm,540,9999999,9999999,,45,9999999,3(6.67%),,360(x),92(x),268(74.44%),,180(cx),140(cx),40(22.22%),,6.442295551,5.008305788
./benchmark/BIGD/20QBT_45CYC_.4D1_.2D2_9.qasm,450,9999999,9999999,,45,9999999,9(20.00%),,360(x),68(x),292(81.11%),,90(cx),83(cx),7(7.78%),,2.647822618,5.008305788
./benchmark/BIGD/20QBT_45CYC_.2D1_.5D2_1.qasm,405,9999999,9999999,,45,9999999,4(8.89%),,180(x),78(x),102(56.67%),,225(cx),165(cx),60(26.67%),,7.229058981,5.008305788
./benchmark/BIGD/20QBT_45CYC_.5D1_.1D2_8.qasm,495,9999999,9999999,,45,9999999,26(57.78%),,450(x),36(x),414(92.00%),,45(cx),33(cx),12(26.67%),,1.349003553,5.008305788
./benchmark/BIGD/20QBT_45CYC_.2D1_.3D2_8.qasm,315,9999999,9999999,,45,9999999,14(31.11%),,180(x),74(x),106(58.89%),,135(cx),112(cx),23(17.04%),,2.747124672,5.008305788
./benchmark/BIGD/20QBT_45CYC_.0D1_.5D2_2.qasm,225,9999999,9999999,,45,9999999,13(28.89%),,0(),0(),0(-),,225(cx),122(cx),103(45.78%),,13.45339751,5.008305788
./benchmark/BIGD/20QBT_45CYC_.3D1_.1D2_5.qasm,315,9999999,9999999,,45,9999999,24(53.33%),,270(x),52(x),218(80.74%),,45(cx),35(cx),10(22.22%),,1.067815542,5.008305788
./benchmark/BIGD/20QBT_45CYC_.0D1_.5D2_5.qasm,225,9999999,9999999,,45,9999999,16(35.56%),,0(),0(),0(-),,225(cx),129(cx),96(42.67%),,11.48756695,5.008305788
./benchmark/BIGD/20QBT_45CYC_.3D1_.4D2_2.qasm,450,9999999,9999999,,45,9999999,6(13.33%),,270(x),88(x),182(67.41%),,180(cx),137(cx),43(23.89%),,4.77307272,5.008305788
./benchmark/BIGD/20QBT_45CYC_.3D1_.3D2_0.qasm,405,9999999,9999999,,45,9999999,14(31.11%),,270(x),86(x),184(68.15%),,135(cx),104(cx),31(22.96%),,3.487405777,5.008305788
./benchmark/BIGD/20QBT_45CYC_.3D1_.4D2_5.qasm,450,9999999,9999999,,45,9999999,8(17.78%),,270(x),80(x),190(70.37%),,180(cx),134(cx),46(25.56%),,4.760804892,5.008305788
./benchmark/BIGD/20QBT_45CYC_.2D1_.4D2_1.qasm,360,9999999,9999999,,45,9999999,8(17.78%),,180(x),80(x),100(55.56%),,180(cx),140(cx),40(22.22%),,5.15472126,5.008305788
./benchmark/BIGD/20QBT_45CYC_.1D1_.6D2_9.qasm,360,9999999,9999999,,45,9999999,7(15.56%),,90(x),54(x),36(40.00%),,270(cx),166(cx),104(38.52%),,9.459119558,5.008305788
./benchmark/BIGD/20QBT_45CYC_.3D1_.2D2_9.qasm,360,9999999,9999999,,45,9999999,23(51.11%),,270(x),54(x),216(80.00%),,90(cx),64(cx),26(28.89%),,2.031686068,5.008305788
./benchmark/BIGD/20QBT_45CYC_.5D1_.3D2_5.qasm,585,9999999,9999999,,45,9999999,8(17.78%),,450(x),94(x),356(79.11%),,135(cx),118(cx),17(12.59%),,3.889318943,5.008305788
./benchmark/BIGD/20QBT_45CYC_.1D1_.2D2_6.qasm,180,9999999,9999999,,45,9999999,27(60.00%),,90(x),36(x),54(60.00%),,90(cx),55(cx),35(38.89%),,2.060774565,5.008305788
./benchmark/BIGD/20QBT_45CYC_.3D1_.1D2_4.qasm,315,9999999,9999999,,45,9999999,22(48.89%),,270(x),42(x),228(84.44%),,45(cx),34(cx),11(24.44%),,0.794262171,5.008305788
./benchmark/BIGD/20QBT_45CYC_.4D1_.3D2_0.qasm,495,9999999,9999999,,45,9999999,12(26.67%),,360(x),86(x),274(76.11%),,135(cx),108(cx),27(20.00%),,4.586418152,5.008305788
./benchmark/BIGD/20QBT_45CYC_.6D1_.1D2_8.qasm,585,9999999,9999999,,45,9999999,21(46.67%),,540(x),38(x),502(92.96%),,45(cx),41(cx),4(8.89%),,1.586883545,5.008305788
./benchmark/BIGD/20QBT_45CYC_.2D1_.5D2_8.qasm,405,9999999,9999999,,45,9999999,4(8.89%),,180(x),82(x),98(54.44%),,225(cx),171(cx),54(24.00%),,5.499433279,5.008305788
./benchmark/BIGD/20QBT_45CYC_.6D1_.1D2_3.qasm,585,9999999,9999999,,45,9999999,22(48.89%),,540(x),44(x),496(91.85%),,45(cx),36(cx),9(20.00%),,1.544107199,5.008305788
./benchmark/BIGD/20QBT_45CYC_.6D1_.2D2_7.qasm,630,9999999,9999999,,45,9999999,12(26.67%),,540(x),66(x),474(87.78%),,90(cx),76(cx),14(15.56%),,2.619202852,5.008305788
./benchmark/BIGD/20QBT_45CYC_.0D1_.8D2_8.qasm,360,9999999,9999999,,45,9999999,0(-),,0(),0(),0(-),,360(cx),202(cx),158(43.89%),,20.00232744,5.008305788
./benchmark/BIGD/20QBT_45CYC_.6D1_.2D2_4.qasm,630,9999999,9999999,,45,9999999,20(44.44%),,540(x),72(x),468(86.67%),,90(cx),69(cx),21(23.33%),,3.020218372,5.008305788
./benchmark/BIGD/20QBT_45CYC_.4D1_.2D2_4.qasm,450,9999999,9999999,,45,9999999,15(33.33%),,360(x),68(x),292(81.11%),,90(cx),76(cx),14(15.56%),,2.967386961,5.008305788
./benchmark/BIGD/20QBT_45CYC_.0D1_.2D2_2.qasm,90,9999999,9999999,,45,9999999,24(53.33%),,0(),0(),0(-),,90(cx),59(cx),31(34.44%),,3.21545577,5.008305788
./benchmark/BIGD/20QBT_45CYC_.0D1_.1D2_3.qasm,45,9999999,9999999,,44,9999999,26(59.09%),,0(),0(),0(-),,45(cx),22(cx),23(51.11%),,0.070815086,5.008305788
./benchmark/BIGD/20QBT_45CYC_.2D1_.5D2_9.qasm,405,9999999,9999999,,45,9999999,3(6.67%),,180(x),84(x),96(53.33%),,225(cx),165(cx),60(26.67%),,7.036473274,5.008305788
./benchmark/BIGD/20QBT_45CYC_.4D1_.1D2_8.qasm,405,9999999,9999999,,45,9999999,18(40.00%),,360(x),28(x),332(92.22%),,45(cx),37(cx),8(17.78%),,1.344655752,5.008305788
./benchmark/BIGD/20QBT_45CYC_.1D1_.3D2_2.qasm,225,9999999,9999999,,45,9999999,17(37.78%),,90(x),46(x),44(48.89%),,135(cx),97(cx),38(28.15%),,2.990252495,5.008305788
./benchmark/BIGD/20QBT_45CYC_.0D1_.8D2_1.qasm,360,9999999,9999999,,45,9999999,5(11.11%),,0(),0(),0(-),,360(cx),195(cx),165(45.83%),,19.54385877,5.008305788
./benchmark/BIGD/20QBT_45CYC_.5D1_.1D2_5.qasm,495,9999999,9999999,,45,9999999,20(44.44%),,450(x),46(x),404(89.78%),,45(cx),40(cx),5(11.11%),,1.310672283,5.008305788
./benchmark/BIGD/20QBT_45CYC_.0D1_.5D2_9.qasm,225,9999999,9999999,,45,9999999,13(28.89%),,0(),0(),0(-),,225(cx),131(cx),94(41.78%),,14.20655179,5.008305788
./benchmark/BIGD/20QBT_45CYC_.2D1_.3D2_0.qasm,315,9999999,9999999,,45,9999999,14(31.11%),,180(x),64(x),116(64.44%),,135(cx),100(cx),35(25.93%),,3.32915163,5.008305788
./benchmark/BIGD/20QBT_45CYC_.0D1_.1D2_4.qasm,45,9999999,9999999,,45,9999999,25(55.56%),,0(),0(),0(-),,45(cx),28(cx),17(37.78%),,0.174662352,5.008305788
./benchmark/BIGD/20QBT_45CYC_.5D1_.3D2_3.qasm,585,9999999,9999999,,45,9999999,14(31.11%),,450(x),74(x),376(83.56%),,135(cx),108(cx),27(20.00%),,4.863118172,5.008305788
./benchmark/BIGD/20QBT_45CYC_.2D1_.3D2_9.qasm,315,9999999,9999999,,45,9999999,14(31.11%),,180(x),56(x),124(68.89%),,135(cx),97(cx),38(28.15%),,2.737439394,5.008305788
./benchmark/BIGD/20QBT_45CYC_.3D1_.2D2_5.qasm,360,9999999,9999999,,45,9999999,19(42.22%),,270(x),62(x),208(77.04%),,90(cx),75(cx),15(16.67%),,2.345403433,5.008305788
./benchmark/BIGD/20QBT_45CYC_.5D1_.2D2_1.qasm,540,9999999,9999999,,45,9999999,13(28.89%),,450(x),62(x),388(86.22%),,90(cx),63(cx),27(30.00%),,2.738198996,5.008305788
